{
  "providers": {
    "awscloudformation": {
      "AuthRoleName": "amplify-converseportal360-dev-215229-authRole",
      "UnauthRoleArn": "arn:aws:iam::075801727792:role/amplify-converseportal360-dev-215229-unauthRole",
      "AuthRoleArn": "arn:aws:iam::075801727792:role/amplify-converseportal360-dev-215229-authRole",
      "Region": "ap-south-1",
      "DeploymentBucketName": "amplify-converseportal360-dev-215229-deployment",
      "UnauthRoleName": "amplify-converseportal360-dev-215229-unauthRole",
      "StackName": "amplify-converseportal360-dev-215229",
      "StackId": "arn:aws:cloudformation:ap-south-1:075801727792:stack/amplify-converseportal360-dev-215229/229e1fb0-9b3a-11ed-8b7f-0a0186afe91e",
      "AmplifyAppId": "dj41nulkxowv4"
    }
  },
  "auth": {
    "converseportal360491dc97f": {
      "service": "Cognito",
      "providerPlugin": "awscloudformation",
      "dependsOn": [],
      "customAuth": false,
      "frontendAuthConfig": {
        "socialProviders": [],
        "usernameAttributes": [
          "EMAIL"
        ],
        "signupAttributes": [
          "EMAIL"
        ],
        "passwordProtectionSettings": {
          "passwordPolicyMinLength": 8,
          "passwordPolicyCharacters": []
        },
        "mfaConfiguration": "OFF",
        "mfaTypes": [
          "SMS"
        ],
        "verificationMechanisms": [
          "EMAIL"
        ]
      },
      "providerMetadata": {
        "s3TemplateURL": "https://s3.amazonaws.com/amplify-converseportal360-dev-215229-deployment/amplify-cfn-templates/auth/converseportal360491dc97f-cloudformation-template.json",
        "logicalId": "authconverseportal360491dc97f"
      },
      "lastPushTimeStamp": "2023-01-23T16:33:36.777Z",
      "output": {
        "UserPoolId": "ap-south-1_lqgRl5iZI",
        "AppClientIDWeb": "6dgvk2e63pc0ol37jup5k008vl",
        "AppClientID": "3fvh92o97hvenc0ihus5lsisto",
        "IdentityPoolId": "ap-south-1:ddb8feb0-2bd5-466a-bdc7-218d0d6e22cc",
        "UserPoolArn": "arn:aws:cognito-idp:ap-south-1:075801727792:userpool/ap-south-1_lqgRl5iZI",
        "IdentityPoolName": "converseportal360491dc97f_identitypool_491dc97f__dev",
        "UserPoolName": "converseportal360491dc97f_userpool_491dc97f"
      },
      "lastPushDirHash": "n4ucfjsW5HC3Kk3kE9MJKLhPlsQ="
    }
  },
  "hosting": {
    "amplifyhosting": {
      "service": "amplifyhosting",
      "providerPlugin": "awscloudformation",
      "type": "manual",
      "providerMetadata": {
        "s3TemplateURL": "https://s3.amazonaws.com/amplify-converseportal360-dev-215229-deployment/amplify-cfn-templates/hosting/amplifyhosting-template.json",
        "logicalId": "hostingamplifyhosting"
      },
      "lastPushTimeStamp": "2023-01-23T16:33:36.988Z",
      "output": {},
      "lastPushDirHash": "oauWfXKnsjKsiQJat6civJDae28="
    }
  }
}